1 account 1 Term Freq:[0.000, 0.000, 0.016, 0.000, 0.000, 0.000, 0.000, 0.000, 0.000, 0.000]
2 activ 1 Term Freq:[0.000, 0.000, 0.000, 0.000, 0.000, 0.000, 0.000, 0.000, 0.021, 0.000]
3 ad 3 Term Freq:[0.005, 0.008, 0.000, 0.000, 0.000, 0.000, 0.000, 0.004, 0.000, 0.000]
4 addit 1 Term Freq:[0.000, 0.000, 0.016, 0.000, 0.000, 0.000, 0.000, 0.000, 0.000, 0.000]
5 aden 1 Term Freq:[0.000, 0.000, 0.000, 0.000, 0.000, 0.000, 0.000, 0.004, 0.000, 0.000]
6 advisori 1 Term Freq:[0.000, 0.000, 0.000, 0.000, 0.000, 0.000, 0.000, 0.000, 0.021, 0.000]
7 afghanistan 3 Term Freq:[0.000, 0.000, 0.000, 0.000, 0.000, 0.000, 0.000, 0.012, 0.000, 0.000]
8 afundament 1 Term Freq:[0.000, 0.000, 0.000, 0.000, 0.000, 0.000, 0.000, 0.004, 0.000, 0.000]
9 agenc 1 Term Freq:[0.000, 0.000, 0.000, 0.000, 0.000, 0.014, 0.000, 0.000, 0.000, 0.000]
10 aggress 1 Term Freq:[0.005, 0.000, 0.000, 0.000, 0.000, 0.000, 0.000, 0.000, 0.000, 0.000]
11 ago 1 Term Freq:[0.000, 0.008, 0.000, 0.000, 0.000, 0.000, 0.000, 0.000, 0.000, 0.000]
12 air 1 Term Freq:[0.000, 0.000, 0.000, 0.000, 0.000, 0.000, 0.000, 0.004, 0.000, 0.000]
13 al 1 Term Freq:[0.000, 0.000, 0.000, 0.000, 0.000, 0.000, 0.000, 0.004, 0.000, 0.000]
14 alert 1 Term Freq:[0.000, 0.000, 0.000, 0.000, 0.000, 0.000, 0.000, 0.000, 0.021, 0.000]
15 allen 1 Term Freq:[0.005, 0.000, 0.000, 0.000, 0.000, 0.000, 0.000, 0.000, 0.000, 0.000]
16 allow 2 Term Freq:[0.009, 0.000, 0.000, 0.000, 0.000, 0.000, 0.000, 0.000, 0.000, 0.000]
17 america 1 Term Freq:[0.000, 0.000, 0.000, 0.000, 0.000, 0.000, 0.000, 0.000, 0.000, 0.018]
18 american 5 Term Freq:[0.000, 0.000, 0.000, 0.000, 0.000, 0.000, 0.000, 0.012, 0.043, 0.000]
19 analyst 1 Term Freq:[0.000, 0.000, 0.000, 0.000, 0.000, 0.000, 0.000, 0.000, 0.000, 0.018]
20 announc 3 Term Freq:[0.000, 0.000, 0.000, 0.000, 0.025, 0.029, 0.000, 0.000, 0.000, 0.000]
21 answer 1 Term Freq:[0.005, 0.000, 0.000, 0.000, 0.000, 0.000, 0.000, 0.000, 0.000, 0.000]
22 anthoni 1 Term Freq:[0.000, 0.000, 0.000, 0.000, 0.000, 0.000, 0.000, 0.004, 0.000, 0.000]
23 arabian 1 Term Freq:[0.000, 0.000, 0.000, 0.000, 0.000, 0.000, 0.000, 0.000, 0.021, 0.000]
24 arctic 1 Term Freq:[0.000, 0.000, 0.000, 0.000, 0.025, 0.000, 0.000, 0.000, 0.000, 0.000]
25 area 3 Term Freq:[0.000, 0.000, 0.000, 0.000, 0.025, 0.014, 0.000, 0.000, 0.021, 0.000]
26 arm 1 Term Freq:[0.000, 0.000, 0.000, 0.000, 0.000, 0.000, 0.000, 0.004, 0.000, 0.000]
27 arriv 1 Term Freq:[0.000, 0.000, 0.000, 0.000, 0.000, 0.000, 0.000, 0.004, 0.000, 0.000]
28 ask 1 Term Freq:[0.000, 0.000, 0.000, 0.000, 0.000, 0.000, 0.000, 0.004, 0.000, 0.000]
29 assist 1 Term Freq:[0.005, 0.000, 0.000, 0.000, 0.000, 0.000, 0.000, 0.000, 0.000, 0.000]
30 associ 1 Term Freq:[0.000, 0.000, 0.000, 0.000, 0.000, 0.000, 0.000, 0.000, 0.021, 0.000]
31 attack 5 Term Freq:[0.000, 0.000, 0.000, 0.000, 0.000, 0.000, 0.000, 0.016, 0.021, 0.000]
32 attempt 1 Term Freq:[0.000, 0.008, 0.000, 0.000, 0.000, 0.000, 0.000, 0.000, 0.000, 0.000]
33 attract 1 Term Freq:[0.005, 0.000, 0.000, 0.000, 0.000, 0.000, 0.000, 0.000, 0.000, 0.000]
34 august 2 Term Freq:[0.000, 0.000, 0.000, 0.000, 0.025, 0.014, 0.000, 0.000, 0.000, 0.000]
35 averag 2 Term Freq:[0.005, 0.000, 0.000, 0.000, 0.000, 0.000, 0.000, 0.000, 0.000, 0.018]
36 ban 1 Term Freq:[0.000, 0.000, 0.016, 0.000, 0.000, 0.000, 0.000, 0.000, 0.000, 0.000]
37 bank 2 Term Freq:[0.000, 0.000, 0.031, 0.000, 0.000, 0.000, 0.000, 0.000, 0.000, 0.000]
38 barak 1 Term Freq:[0.000, 0.000, 0.016, 0.000, 0.000, 0.000, 0.000, 0.000, 0.000, 0.000]
39 barent 2 Term Freq:[0.000, 0.000, 0.000, 0.000, 0.025, 0.014, 0.000, 0.000, 0.000, 0.000]
40 baron 1 Term Freq:[0.005, 0.000, 0.000, 0.000, 0.000, 0.000, 0.000, 0.000, 0.000, 0.000]
41 base 1 Term Freq:[0.000, 0.000, 0.000, 0.000, 0.000, 0.000, 0.000, 0.004, 0.000, 0.000]
42 basket 3 Term Freq:[0.005, 0.016, 0.000, 0.000, 0.000, 0.000, 0.000, 0.000, 0.000, 0.000]
43 bc 1 Term Freq:[0.000, 0.008, 0.000, 0.000, 0.000, 0.000, 0.000, 0.000, 0.000, 0.000]
44 begin 3 Term Freq:[0.000, 0.000, 0.000, 0.000, 0.025, 0.014, 0.000, 0.004, 0.000, 0.000]
45 believ 1 Term Freq:[0.000, 0.000, 0.000, 0.000, 0.000, 0.000, 0.000, 0.004, 0.000, 0.000]
46 bell 2 Term Freq:[0.000, 0.016, 0.000, 0.000, 0.000, 0.000, 0.000, 0.000, 0.000, 0.000]
47 best 1 Term Freq:[0.000, 0.008, 0.000, 0.000, 0.000, 0.000, 0.000, 0.000, 0.000, 0.000]
48 big 3 Term Freq:[0.005, 0.016, 0.000, 0.000, 0.000, 0.000, 0.000, 0.000, 0.000, 0.000]
49 billet 1 Term Freq:[0.000, 0.008, 0.000, 0.000, 0.000, 0.000, 0.000, 0.000, 0.000, 0.000]
50 bin 1 Term Freq:[0.000, 0.000, 0.000, 0.000, 0.000, 0.000, 0.000, 0.004, 0.000, 0.000]
51 blast 3 Term Freq:[0.000, 0.000, 0.000, 0.000, 0.000, 0.000, 0.000, 0.012, 0.000, 0.000]
52 board 5 Term Freq:[0.005, 0.000, 0.000, 0.000, 0.050, 0.014, 0.000, 0.004, 0.000, 0.000]
53 bodi 9 Term Freq:[0.005, 0.000, 0.000, 0.013, 0.025, 0.043, 0.000, 0.012, 0.000, 0.000]
54 bomber 1 Term Freq:[0.000, 0.000, 0.000, 0.000, 0.000, 0.000, 0.000, 0.004, 0.000, 0.000]
55 boston 3 Term Freq:[0.000, 0.025, 0.000, 0.000, 0.000, 0.000, 0.000, 0.000, 0.000, 0.000]
56 broadcom 1 Term Freq:[0.000, 0.000, 0.000, 0.000, 0.000, 0.000, 0.000, 0.000, 0.000, 0.018]
57 broke 1 Term Freq:[0.000, 0.008, 0.000, 0.000, 0.000, 0.000, 0.000, 0.000, 0.000, 0.000]
58 brown 3 Term Freq:[0.014, 0.000, 0.000, 0.000, 0.000, 0.000, 0.000, 0.000, 0.000, 0.000]
59 bruis 1 Term Freq:[0.005, 0.000, 0.000, 0.000, 0.000, 0.000, 0.000, 0.000, 0.000, 0.000]
60 buck 7 Term Freq:[0.032, 0.000, 0.000, 0.000, 0.000, 0.000, 0.000, 0.000, 0.000, 0.000]
61 built 2 Term Freq:[0.005, 0.008, 0.000, 0.000, 0.000, 0.000, 0.000, 0.000, 0.000, 0.000]
62 burst 1 Term Freq:[0.000, 0.008, 0.000, 0.000, 0.000, 0.000, 0.000, 0.000, 0.000, 0.000]
63 caffei 3 Term Freq:[0.014, 0.000, 0.000, 0.000, 0.000, 0.000, 0.000, 0.000, 0.000, 0.000]
64 call 1 Term Freq:[0.005, 0.000, 0.000, 0.000, 0.000, 0.000, 0.000, 0.000, 0.000, 0.000]
65 came 2 Term Freq:[0.005, 0.008, 0.000, 0.000, 0.000, 0.000, 0.000, 0.000, 0.000, 0.000]
66 camera 1 Term Freq:[0.000, 0.000, 0.016, 0.000, 0.000, 0.000, 0.000, 0.000, 0.000, 0.000]
67 campbel 2 Term Freq:[0.009, 0.000, 0.000, 0.000, 0.000, 0.000, 0.000, 0.000, 0.000, 0.000]
68 carrier 1 Term Freq:[0.000, 0.000, 0.000, 0.000, 0.000, 0.000, 0.000, 0.004, 0.000, 0.000]
69 case 4 Term Freq:[0.000, 0.000, 0.000, 0.013, 0.000, 0.000, 0.000, 0.012, 0.000, 0.000]
70 cassel 5 Term Freq:[0.023, 0.000, 0.000, 0.000, 0.000, 0.000, 0.000, 0.000, 0.000, 0.000]
71 catastroph 1 Term Freq:[0.000, 0.000, 0.000, 0.000, 0.000, 0.000, 0.000, 0.004, 0.000, 0.000]
72 caus 1 Term Freq:[0.000, 0.000, 0.000, 0.000, 0.025, 0.000, 0.000, 0.000, 0.000, 0.000]
73 cautiou 1 Term Freq:[0.000, 0.000, 0.000, 0.000, 0.000, 0.000, 0.000, 0.000, 0.021, 0.000]
74 center 1 Term Freq:[0.005, 0.000, 0.000, 0.000, 0.000, 0.000, 0.000, 0.000, 0.000, 0.000]
75 central 1 Term Freq:[0.005, 0.000, 0.000, 0.000, 0.000, 0.000, 0.000, 0.000, 0.000, 0.000]
76 chang 1 Term Freq:[0.000, 0.000, 0.000, 0.000, 0.000, 0.000, 0.000, 0.004, 0.000, 0.000]
77 charlott 6 Term Freq:[0.027, 0.000, 0.000, 0.000, 0.000, 0.000, 0.000, 0.000, 0.000, 0.000]
78 check 1 Term Freq:[0.000, 0.000, 0.000, 0.000, 0.000, 0.000, 0.000, 0.000, 0.000, 0.018]
79 chief 1 Term Freq:[0.000, 0.000, 0.000, 0.000, 0.000, 0.014, 0.000, 0.000, 0.000, 0.000]
80 chines 1 Term Freq:[0.000, 0.000, 0.016, 0.000, 0.000, 0.000, 0.000, 0.000, 0.000, 0.000]
81 chipmak 1 Term Freq:[0.000, 0.000, 0.000, 0.000, 0.000, 0.000, 0.000, 0.000, 0.000, 0.018]
82 christian 1 Term Freq:[0.005, 0.000, 0.000, 0.000, 0.000, 0.000, 0.000, 0.000, 0.000, 0.000]
83 chuck 1 Term Freq:[0.000, 0.000, 0.000, 0.000, 0.000, 0.000, 0.167, 0.000, 0.000, 0.000]
84 claim 1 Term Freq:[0.000, 0.000, 0.000, 0.000, 0.000, 0.000, 0.000, 0.004, 0.000, 0.000]
85 clear 1 Term Freq:[0.005, 0.000, 0.000, 0.000, 0.000, 0.000, 0.000, 0.000, 0.000, 0.000]
86 close 2 Term Freq:[0.000, 0.008, 0.000, 0.000, 0.000, 0.000, 0.000, 0.000, 0.000, 0.018]
87 cnn 1 Term Freq:[0.000, 0.000, 0.000, 0.000, 0.000, 0.000, 0.000, 0.004, 0.000, 0.000]
88 coast 1 Term Freq:[0.000, 0.000, 0.000, 0.000, 0.000, 0.000, 0.000, 0.004, 0.000, 0.000]
89 cole 4 Term Freq:[0.000, 0.000, 0.000, 0.000, 0.000, 0.000, 0.000, 0.016, 0.000, 0.000]
90 coleman 2 Term Freq:[0.009, 0.000, 0.000, 0.000, 0.000, 0.000, 0.000, 0.000, 0.000, 0.000]
91 colleg 3 Term Freq:[0.000, 0.025, 0.000, 0.000, 0.000, 0.000, 0.000, 0.000, 0.000, 0.000]
92 combin 2 Term Freq:[0.009, 0.000, 0.000, 0.000, 0.000, 0.000, 0.000, 0.000, 0.000, 0.000]
93 come 1 Term Freq:[0.000, 0.000, 0.000, 0.000, 0.000, 0.000, 0.000, 0.004, 0.000, 0.000]
94 command 1 Term Freq:[0.000, 0.000, 0.000, 0.000, 0.000, 0.000, 0.000, 0.004, 0.000, 0.000]
95 commiss 1 Term Freq:[0.000, 0.000, 0.000, 0.000, 0.000, 0.014, 0.000, 0.000, 0.000, 0.000]
96 committe 1 Term Freq:[0.000, 0.000, 0.000, 0.000, 0.000, 0.000, 0.000, 0.004, 0.000, 0.000]
97 commun 1 Term Freq:[0.000, 0.000, 0.000, 0.000, 0.000, 0.000, 0.000, 0.000, 0.000, 0.018]
98 compani 1 Term Freq:[0.000, 0.000, 0.000, 0.013, 0.000, 0.000, 0.000, 0.000, 0.000, 0.000]
99 concert 1 Term Freq:[0.005, 0.000, 0.000, 0.000, 0.000, 0.000, 0.000, 0.000, 0.000, 0.000]
100 conclus 1 Term Freq:[0.000, 0.000, 0.000, 0.000, 0.000, 0.000, 0.000, 0.004, 0.000, 0.000]
101 condit 2 Term Freq:[0.000, 0.000, 0.000, 0.000, 0.025, 0.014, 0.000, 0.000, 0.000, 0.000]
102 confidenti 1 Term Freq:[0.000, 0.000, 0.000, 0.013, 0.000, 0.000, 0.000, 0.000, 0.000, 0.000]
103 confirm 1 Term Freq:[0.000, 0.000, 0.000, 0.000, 0.000, 0.000, 0.000, 0.004, 0.000, 0.000]
104 congress 1 Term Freq:[0.000, 0.000, 0.000, 0.000, 0.000, 0.000, 0.000, 0.004, 0.000, 0.000]
105 consider 1 Term Freq:[0.000, 0.000, 0.000, 0.000, 0.000, 0.000, 0.000, 0.004, 0.000, 0.000]
106 continut 1 Term Freq:[0.005, 0.000, 0.000, 0.000, 0.000, 0.000, 0.000, 0.000, 0.000, 0.000]
107 council 1 Term Freq:[0.000, 0.000, 0.000, 0.013, 0.000, 0.000, 0.000, 0.000, 0.000, 0.000]
108 court 1 Term Freq:[0.000, 0.000, 0.016, 0.000, 0.000, 0.000, 0.000, 0.000, 0.000, 0.000]
109 crew 3 Term Freq:[0.000, 0.000, 0.000, 0.000, 0.025, 0.014, 0.000, 0.004, 0.000, 0.000]
110 crippl 1 Term Freq:[0.000, 0.000, 0.000, 0.000, 0.000, 0.000, 0.000, 0.004, 0.000, 0.000]
111 crowd 1 Term Freq:[0.005, 0.000, 0.000, 0.000, 0.000, 0.000, 0.000, 0.000, 0.000, 0.000]
112 cut 1 Term Freq:[0.000, 0.000, 0.000, 0.000, 0.000, 0.000, 0.000, 0.004, 0.000, 0.000]
113 dai 1 Term Freq:[0.000, 0.000, 0.000, 0.000, 0.000, 0.000, 0.000, 0.004, 0.000, 0.000]
114 damag 1 Term Freq:[0.000, 0.000, 0.000, 0.000, 0.000, 0.000, 0.000, 0.004, 0.000, 0.000]
115 danc 1 Term Freq:[0.000, 0.000, 0.016, 0.000, 0.000, 0.000, 0.000, 0.000, 0.000, 0.000]
116 danger 1 Term Freq:[0.000, 0.000, 0.000, 0.013, 0.000, 0.000, 0.000, 0.000, 0.000, 0.000]
117 data 1 Term Freq:[0.000, 0.000, 0.000, 0.013, 0.000, 0.000, 0.000, 0.000, 0.000, 0.000]
118 davi 1 Term Freq:[0.005, 0.000, 0.000, 0.000, 0.000, 0.000, 0.000, 0.000, 0.000, 0.000]
119 david 1 Term Freq:[0.005, 0.000, 0.000, 0.000, 0.000, 0.000, 0.000, 0.000, 0.000, 0.000]
120 dec 1 Term Freq:[0.000, 0.008, 0.000, 0.000, 0.000, 0.000, 0.000, 0.000, 0.000, 0.000]
121 decid 1 Term Freq:[0.000, 0.000, 0.000, 0.013, 0.000, 0.000, 0.000, 0.000, 0.000, 0.000]
122 decis 5 Term Freq:[0.005, 0.008, 0.000, 0.000, 0.000, 0.029, 0.000, 0.004, 0.000, 0.000]
123 deck 1 Term Freq:[0.000, 0.000, 0.000, 0.000, 0.000, 0.000, 0.000, 0.004, 0.000, 0.000]
124 defeat 1 Term Freq:[0.000, 0.008, 0.000, 0.000, 0.000, 0.000, 0.000, 0.000, 0.000, 0.000]
125 defend 1 Term Freq:[0.005, 0.000, 0.000, 0.000, 0.000, 0.000, 0.000, 0.000, 0.000, 0.000]
126 defens 1 Term Freq:[0.005, 0.000, 0.000, 0.000, 0.000, 0.000, 0.000, 0.000, 0.000, 0.000]
127 delawar 1 Term Freq:[0.000, 0.000, 0.000, 0.000, 0.000, 0.000, 0.000, 0.004, 0.000, 0.000]
128 deleg 1 Term Freq:[0.000, 0.000, 0.016, 0.000, 0.000, 0.000, 0.000, 0.000, 0.000, 0.000]
129 depart 1 Term Freq:[0.000, 0.000, 0.000, 0.000, 0.000, 0.000, 0.000, 0.000, 0.021, 0.000]
130 depth 1 Term Freq:[0.000, 0.000, 0.000, 0.000, 0.000, 0.014, 0.000, 0.000, 0.000, 0.000]
131 deputi 2 Term Freq:[0.000, 0.000, 0.000, 0.000, 0.025, 0.014, 0.000, 0.000, 0.000, 0.000]
132 derrick 1 Term Freq:[0.005, 0.000, 0.000, 0.000, 0.000, 0.000, 0.000, 0.000, 0.000, 0.000]
133 describ 1 Term Freq:[0.000, 0.000, 0.000, 0.000, 0.000, 0.000, 0.000, 0.004, 0.000, 0.000]
134 destroy 2 Term Freq:[0.000, 0.000, 0.000, 0.000, 0.000, 0.000, 0.000, 0.008, 0.000, 0.000]
135 detect 1 Term Freq:[0.000, 0.000, 0.000, 0.000, 0.000, 0.000, 0.000, 0.000, 0.021, 0.000]
136 develop 3 Term Freq:[0.000, 0.000, 0.000, 0.000, 0.000, 0.000, 0.000, 0.012, 0.000, 0.000]
137 digit 2 Term Freq:[0.000, 0.016, 0.000, 0.000, 0.000, 0.000, 0.000, 0.000, 0.000, 0.000]
138 dinghi 1 Term Freq:[0.000, 0.000, 0.000, 0.000, 0.000, 0.000, 0.000, 0.004, 0.000, 0.000]
139 direct 2 Term Freq:[0.000, 0.000, 0.000, 0.000, 0.000, 0.000, 0.000, 0.008, 0.000, 0.000]
140 director 1 Term Freq:[0.000, 0.000, 0.000, 0.000, 0.000, 0.000, 0.000, 0.004, 0.000, 0.000]
141 disast 2 Term Freq:[0.000, 0.000, 0.000, 0.013, 0.025, 0.000, 0.000, 0.000, 0.000, 0.000]
142 dismal 1 Term Freq:[0.000, 0.000, 0.000, 0.000, 0.000, 0.000, 0.000, 0.000, 0.000, 0.018]
143 divis 1 Term Freq:[0.005, 0.000, 0.000, 0.000, 0.000, 0.000, 0.000, 0.000, 0.000, 0.000]
144 doe 2 Term Freq:[0.000, 0.000, 0.000, 0.013, 0.000, 0.014, 0.000, 0.000, 0.000, 0.000]
145 doubl 2 Term Freq:[0.005, 0.008, 0.000, 0.000, 0.000, 0.000, 0.000, 0.000, 0.000, 0.000]
146 doubt 1 Term Freq:[0.000, 0.000, 0.000, 0.000, 0.000, 0.014, 0.000, 0.000, 0.000, 0.000]
147 dover 1 Term Freq:[0.000, 0.000, 0.000, 0.000, 0.000, 0.000, 0.000, 0.004, 0.000, 0.000]
148 dow 1 Term Freq:[0.000, 0.000, 0.000, 0.000, 0.000, 0.000, 0.000, 0.000, 0.000, 0.018]
149 downturn 1 Term Freq:[0.000, 0.000, 0.000, 0.000, 0.000, 0.000, 0.000, 0.000, 0.000, 0.018]
150 drew 1 Term Freq:[0.005, 0.000, 0.000, 0.000, 0.000, 0.000, 0.000, 0.000, 0.000, 0.000]
151 drive 2 Term Freq:[0.009, 0.000, 0.000, 0.000, 0.000, 0.000, 0.000, 0.000, 0.000, 0.000]
152 duke 1 Term Freq:[0.000, 0.008, 0.000, 0.000, 0.000, 0.000, 0.000, 0.000, 0.000, 0.000]
153 dump 1 Term Freq:[0.000, 0.000, 0.016, 0.000, 0.000, 0.000, 0.000, 0.000, 0.000, 0.000]
154 dunk 1 Term Freq:[0.005, 0.000, 0.000, 0.000, 0.000, 0.000, 0.000, 0.000, 0.000, 0.000]
155 eagl 4 Term Freq:[0.000, 0.033, 0.000, 0.000, 0.000, 0.000, 0.000, 0.000, 0.000, 0.000]
156 earli 4 Term Freq:[0.005, 0.008, 0.000, 0.000, 0.000, 0.000, 0.000, 0.004, 0.000, 0.018]
157 earn 1 Term Freq:[0.000, 0.000, 0.000, 0.000, 0.000, 0.000, 0.000, 0.000, 0.000, 0.018]
158 east 3 Term Freq:[0.000, 0.016, 0.000, 0.000, 0.000, 0.000, 0.000, 0.004, 0.000, 0.000]
159 effort 1 Term Freq:[0.000, 0.000, 0.000, 0.000, 0.000, 0.000, 0.000, 0.004, 0.000, 0.000]
160 egyptian 1 Term Freq:[0.000, 0.000, 0.016, 0.000, 0.000, 0.000, 0.000, 0.000, 0.000, 0.000]
161 ehud 1 Term Freq:[0.000, 0.000, 0.016, 0.000, 0.000, 0.000, 0.000, 0.000, 0.000, 0.000]
162 elden 1 Term Freq:[0.005, 0.000, 0.000, 0.000, 0.000, 0.000, 0.000, 0.000, 0.000, 0.000]
163 element 1 Term Freq:[0.000, 0.000, 0.000, 0.000, 0.000, 0.000, 0.000, 0.004, 0.000, 0.000]
164 encourag 1 Term Freq:[0.000, 0.000, 0.000, 0.000, 0.000, 0.000, 0.000, 0.000, 0.000, 0.018]
165 enter 1 Term Freq:[0.000, 0.008, 0.000, 0.000, 0.000, 0.000, 0.000, 0.000, 0.000, 0.000]
166 entic 1 Term Freq:[0.005, 0.000, 0.000, 0.000, 0.000, 0.000, 0.000, 0.000, 0.000, 0.000]
167 environ 1 Term Freq:[0.000, 0.000, 0.016, 0.000, 0.000, 0.000, 0.000, 0.000, 0.000, 0.000]
168 estim 1 Term Freq:[0.000, 0.000, 0.016, 0.000, 0.000, 0.000, 0.000, 0.000, 0.000, 0.000]
169 estrada 1 Term Freq:[0.000, 0.000, 0.016, 0.000, 0.000, 0.000, 0.000, 0.000, 0.000, 0.000]
170 evid 2 Term Freq:[0.000, 0.000, 0.000, 0.000, 0.000, 0.000, 0.000, 0.008, 0.000, 0.000]
171 exclud 1 Term Freq:[0.000, 0.000, 0.000, 0.000, 0.000, 0.014, 0.000, 0.000, 0.000, 0.000]
172 explos 1 Term Freq:[0.000, 0.000, 0.000, 0.000, 0.025, 0.000, 0.000, 0.000, 0.000, 0.000]
173 extend 1 Term Freq:[0.005, 0.000, 0.000, 0.000, 0.000, 0.000, 0.000, 0.000, 0.000, 0.000]
174 eyewitnesss 1 Term Freq:[0.000, 0.000, 0.000, 0.000, 0.000, 0.000, 0.000, 0.004, 0.000, 0.000]
175 face 1 Term Freq:[0.000, 0.000, 0.000, 0.013, 0.000, 0.000, 0.000, 0.000, 0.000, 0.000]
176 famin 1 Term Freq:[0.005, 0.000, 0.000, 0.000, 0.000, 0.000, 0.000, 0.000, 0.000, 0.000]
177 fan 1 Term Freq:[0.005, 0.000, 0.000, 0.000, 0.000, 0.000, 0.000, 0.000, 0.000, 0.000]
178 far 1 Term Freq:[0.000, 0.000, 0.000, 0.000, 0.000, 0.000, 0.000, 0.004, 0.000, 0.000]
179 fbi 2 Term Freq:[0.000, 0.000, 0.000, 0.000, 0.000, 0.000, 0.000, 0.008, 0.000, 0.000]
180 feast 1 Term Freq:[0.005, 0.000, 0.000, 0.000, 0.000, 0.000, 0.000, 0.000, 0.000, 0.000]
181 field 1 Term Freq:[0.000, 0.008, 0.000, 0.000, 0.000, 0.000, 0.000, 0.000, 0.000, 0.000]
182 final 1 Term Freq:[0.000, 0.000, 0.000, 0.000, 0.000, 0.014, 0.000, 0.000, 0.000, 0.000]
183 finger 1 Term Freq:[0.000, 0.000, 0.000, 0.000, 0.000, 0.000, 0.000, 0.004, 0.000, 0.000]
184 finish 1 Term Freq:[0.005, 0.000, 0.000, 0.000, 0.000, 0.000, 0.000, 0.000, 0.000, 0.000]
185 firework 1 Term Freq:[0.000, 0.000, 0.016, 0.000, 0.000, 0.000, 0.000, 0.000, 0.000, 0.000]
186 firm 1 Term Freq:[0.000, 0.000, 0.000, 0.000, 0.025, 0.000, 0.000, 0.000, 0.000, 0.000]
187 float 1 Term Freq:[0.000, 0.000, 0.000, 0.000, 0.000, 0.000, 0.000, 0.004, 0.000, 0.000]
188 flown 1 Term Freq:[0.000, 0.000, 0.000, 0.000, 0.000, 0.000, 0.000, 0.004, 0.000, 0.000]
189 flu 1 Term Freq:[0.005, 0.000, 0.000, 0.000, 0.000, 0.000, 0.000, 0.000, 0.000, 0.000]
190 follow 1 Term Freq:[0.000, 0.000, 0.000, 0.000, 0.000, 0.000, 0.000, 0.004, 0.000, 0.000]
191 forc 3 Term Freq:[0.005, 0.000, 0.000, 0.000, 0.000, 0.000, 0.000, 0.004, 0.021, 0.000]
192 foreign 1 Term Freq:[0.000, 0.000, 0.000, 0.013, 0.000, 0.000, 0.000, 0.000, 0.000, 0.000]
193 forens 1 Term Freq:[0.000, 0.000, 0.000, 0.000, 0.000, 0.000, 0.000, 0.004, 0.000, 0.000]
194 forward 1 Term Freq:[0.005, 0.000, 0.000, 0.000, 0.000, 0.000, 0.000, 0.000, 0.000, 0.000]
195 foul 1 Term Freq:[0.005, 0.000, 0.000, 0.000, 0.000, 0.000, 0.000, 0.000, 0.000, 0.000]
196 fourth 2 Term Freq:[0.009, 0.000, 0.000, 0.000, 0.000, 0.000, 0.000, 0.000, 0.000, 0.000]
197 fragil 1 Term Freq:[0.000, 0.000, 0.016, 0.000, 0.000, 0.000, 0.000, 0.000, 0.000, 0.000]
198 free 4 Term Freq:[0.014, 0.008, 0.000, 0.000, 0.000, 0.000, 0.000, 0.000, 0.000, 0.000]
199 freeh 1 Term Freq:[0.000, 0.000, 0.000, 0.000, 0.000, 0.000, 0.000, 0.004, 0.000, 0.000]
200 freez 1 Term Freq:[0.000, 0.000, 0.016, 0.000, 0.000, 0.000, 0.000, 0.000, 0.000, 0.000]
201 fridai 1 Term Freq:[0.005, 0.000, 0.000, 0.000, 0.000, 0.000, 0.000, 0.000, 0.000, 0.000]
202 fuel 2 Term Freq:[0.000, 0.000, 0.031, 0.000, 0.000, 0.000, 0.000, 0.000, 0.000, 0.000]
203 galapago 1 Term Freq:[0.000, 0.000, 0.016, 0.000, 0.000, 0.000, 0.000, 0.000, 0.000, 0.000]
204 gallon 1 Term Freq:[0.000, 0.000, 0.016, 0.000, 0.000, 0.000, 0.000, 0.000, 0.000, 0.000]
205 game 13 Term Freq:[0.036, 0.041, 0.000, 0.000, 0.000, 0.000, 0.000, 0.000, 0.000, 0.000]
206 gener 2 Term Freq:[0.000, 0.000, 0.000, 0.000, 0.000, 0.014, 0.000, 0.004, 0.000, 0.000]
207 german 1 Term Freq:[0.000, 0.000, 0.016, 0.000, 0.000, 0.000, 0.000, 0.000, 0.000, 0.000]
208 glenn 1 Term Freq:[0.005, 0.000, 0.000, 0.000, 0.000, 0.000, 0.000, 0.000, 0.000, 0.000]
209 go 1 Term Freq:[0.000, 0.008, 0.000, 0.000, 0.000, 0.000, 0.000, 0.000, 0.000, 0.000]
210 goaltend 1 Term Freq:[0.005, 0.000, 0.000, 0.000, 0.000, 0.000, 0.000, 0.000, 0.000, 0.000]
211 good 3 Term Freq:[0.005, 0.000, 0.000, 0.000, 0.000, 0.000, 0.000, 0.004, 0.000, 0.018]
212 gov 1 Term Freq:[0.000, 0.000, 0.016, 0.000, 0.000, 0.000, 0.000, 0.000, 0.000, 0.000]
213 govern 1 Term Freq:[0.000, 0.000, 0.000, 0.000, 0.000, 0.014, 0.000, 0.000, 0.000, 0.000]
214 gradual 1 Term Freq:[0.000, 0.008, 0.000, 0.000, 0.000, 0.000, 0.000, 0.000, 0.000, 0.000]
215 grew 1 Term Freq:[0.005, 0.000, 0.000, 0.000, 0.000, 0.000, 0.000, 0.000, 0.000, 0.000]
216 group 3 Term Freq:[0.005, 0.000, 0.000, 0.000, 0.000, 0.000, 0.000, 0.004, 0.021, 0.000]
217 gulf 1 Term Freq:[0.000, 0.000, 0.000, 0.000, 0.000, 0.000, 0.000, 0.000, 0.021, 0.000]
218 half 2 Term Freq:[0.005, 0.008, 0.000, 0.000, 0.000, 0.000, 0.000, 0.000, 0.000, 0.000]
219 halftim 2 Term Freq:[0.005, 0.008, 0.000, 0.000, 0.000, 0.000, 0.000, 0.000, 0.000, 0.000]
220 harlei 1 Term Freq:[0.000, 0.008, 0.000, 0.000, 0.000, 0.000, 0.000, 0.000, 0.000, 0.000]
221 headlin 1 Term Freq:[0.000, 0.000, 0.000, 0.000, 0.000, 0.000, 0.167, 0.000, 0.000, 0.000]
222 help 2 Term Freq:[0.005, 0.000, 0.000, 0.013, 0.000, 0.000, 0.000, 0.000, 0.000, 0.000]
223 high 1 Term Freq:[0.005, 0.000, 0.000, 0.000, 0.000, 0.000, 0.000, 0.000, 0.000, 0.000]
224 higher 2 Term Freq:[0.000, 0.000, 0.000, 0.000, 0.000, 0.000, 0.000, 0.000, 0.021, 0.018]
225 hindu 1 Term Freq:[0.000, 0.000, 0.016, 0.000, 0.000, 0.000, 0.000, 0.000, 0.000, 0.000]
226 hit 2 Term Freq:[0.000, 0.016, 0.000, 0.000, 0.000, 0.000, 0.000, 0.000, 0.000, 0.000]
227 hold 1 Term Freq:[0.000, 0.008, 0.000, 0.000, 0.000, 0.000, 0.000, 0.000, 0.000, 0.000]
228 hole 1 Term Freq:[0.000, 0.000, 0.000, 0.000, 0.000, 0.000, 0.000, 0.004, 0.000, 0.000]
229 home 1 Term Freq:[0.000, 0.000, 0.000, 0.000, 0.000, 0.000, 0.000, 0.004, 0.000, 0.000]
230 hornet 9 Term Freq:[0.041, 0.000, 0.000, 0.000, 0.000, 0.000, 0.000, 0.000, 0.000, 0.000]
231 hunt 1 Term Freq:[0.000, 0.000, 0.000, 0.000, 0.000, 0.000, 0.000, 0.004, 0.000, 0.000]
232 hurt 1 Term Freq:[0.000, 0.008, 0.000, 0.000, 0.000, 0.000, 0.000, 0.000, 0.000, 0.000]
233 identifi 1 Term Freq:[0.000, 0.000, 0.000, 0.000, 0.000, 0.000, 0.000, 0.004, 0.000, 0.000]
234 ilya 2 Term Freq:[0.000, 0.000, 0.000, 0.000, 0.025, 0.014, 0.000, 0.000, 0.000, 0.000]
235 improv 2 Term Freq:[0.000, 0.008, 0.000, 0.000, 0.000, 0.000, 0.000, 0.004, 0.000, 0.000]
236 incent 1 Term Freq:[0.005, 0.000, 0.000, 0.000, 0.000, 0.000, 0.000, 0.000, 0.000, 0.000]
237 incid 2 Term Freq:[0.000, 0.000, 0.000, 0.000, 0.000, 0.029, 0.000, 0.000, 0.000, 0.000]
238 increas 1 Term Freq:[0.005, 0.000, 0.000, 0.000, 0.000, 0.000, 0.000, 0.000, 0.000, 0.000]
239 industri 1 Term Freq:[0.000, 0.000, 0.000, 0.000, 0.000, 0.000, 0.000, 0.000, 0.000, 0.018]
240 insid 2 Term Freq:[0.000, 0.000, 0.000, 0.000, 0.000, 0.000, 0.000, 0.008, 0.000, 0.000]
241 intens 1 Term Freq:[0.005, 0.000, 0.000, 0.000, 0.000, 0.000, 0.000, 0.000, 0.000, 0.000]
242 interfax 1 Term Freq:[0.000, 0.000, 0.000, 0.000, 0.000, 0.014, 0.000, 0.000, 0.000, 0.000]
243 interior 1 Term Freq:[0.000, 0.000, 0.000, 0.000, 0.000, 0.000, 0.000, 0.004, 0.000, 0.000]
244 internet 1 Term Freq:[0.000, 0.000, 0.000, 0.000, 0.000, 0.000, 0.000, 0.000, 0.000, 0.018]
245 investig 4 Term Freq:[0.000, 0.000, 0.000, 0.000, 0.000, 0.000, 0.000, 0.016, 0.000, 0.000]
246 investor 2 Term Freq:[0.000, 0.000, 0.000, 0.000, 0.000, 0.000, 0.000, 0.000, 0.000, 0.036]
247 involv 2 Term Freq:[0.000, 0.000, 0.000, 0.000, 0.000, 0.000, 0.000, 0.008, 0.000, 0.000]
248 island 1 Term Freq:[0.000, 0.000, 0.016, 0.000, 0.000, 0.000, 0.000, 0.000, 0.000, 0.000]
249 isra 1 Term Freq:[0.000, 0.000, 0.016, 0.000, 0.000, 0.000, 0.000, 0.000, 0.000, 0.000]
250 israel 1 Term Freq:[0.000, 0.000, 0.016, 0.000, 0.000, 0.000, 0.000, 0.000, 0.000, 0.000]
251 issu 2 Term Freq:[0.000, 0.000, 0.000, 0.013, 0.000, 0.014, 0.000, 0.000, 0.000, 0.000]
252 ivanov 3 Term Freq:[0.000, 0.000, 0.000, 0.039, 0.000, 0.000, 0.000, 0.000, 0.000, 0.000]
253 j 1 Term Freq:[0.005, 0.000, 0.000, 0.000, 0.000, 0.000, 0.000, 0.000, 0.000, 0.000]
254 jamal 1 Term Freq:[0.005, 0.000, 0.000, 0.000, 0.000, 0.000, 0.000, 0.000, 0.000, 0.000]
255 jason 1 Term Freq:[0.005, 0.000, 0.000, 0.000, 0.000, 0.000, 0.000, 0.000, 0.000, 0.000]
256 jihad 1 Term Freq:[0.000, 0.000, 0.000, 0.000, 0.000, 0.000, 0.000, 0.004, 0.000, 0.000]
257 join 1 Term Freq:[0.000, 0.000, 0.000, 0.000, 0.000, 0.000, 0.000, 0.004, 0.000, 0.000]
258 jone 1 Term Freq:[0.000, 0.000, 0.000, 0.000, 0.000, 0.000, 0.000, 0.000, 0.000, 0.018]
259 jumper 1 Term Freq:[0.005, 0.000, 0.000, 0.000, 0.000, 0.000, 0.000, 0.000, 0.000, 0.000]
260 just 2 Term Freq:[0.005, 0.008, 0.000, 0.000, 0.000, 0.000, 0.000, 0.000, 0.000, 0.000]
261 keep 1 Term Freq:[0.000, 0.000, 0.016, 0.000, 0.000, 0.000, 0.000, 0.000, 0.000, 0.000]
262 kei 1 Term Freq:[0.000, 0.008, 0.000, 0.000, 0.000, 0.000, 0.000, 0.000, 0.000, 0.000]
263 kenni 1 Term Freq:[0.000, 0.008, 0.000, 0.000, 0.000, 0.000, 0.000, 0.000, 0.000, 0.000]
264 kill 4 Term Freq:[0.000, 0.000, 0.016, 0.013, 0.000, 0.000, 0.000, 0.008, 0.000, 0.000]
265 kind 1 Term Freq:[0.000, 0.000, 0.000, 0.000, 0.000, 0.000, 0.000, 0.004, 0.000, 0.000]
266 klebanov 2 Term Freq:[0.000, 0.000, 0.000, 0.000, 0.025, 0.014, 0.000, 0.000, 0.000, 0.000]
267 knee 1 Term Freq:[0.005, 0.000, 0.000, 0.000, 0.000, 0.000, 0.000, 0.000, 0.000, 0.000]
268 knight 1 Term Freq:[0.000, 0.008, 0.000, 0.000, 0.000, 0.000, 0.000, 0.000, 0.000, 0.000]
269 known 1 Term Freq:[0.000, 0.000, 0.000, 0.000, 0.000, 0.000, 0.000, 0.000, 0.021, 0.000]
270 kursk 4 Term Freq:[0.000, 0.000, 0.000, 0.026, 0.025, 0.014, 0.000, 0.000, 0.000, 0.000]
271 laden 1 Term Freq:[0.000, 0.000, 0.000, 0.000, 0.000, 0.000, 0.000, 0.004, 0.000, 0.000]
272 lane 1 Term Freq:[0.005, 0.000, 0.000, 0.000, 0.000, 0.000, 0.000, 0.000, 0.000, 0.000]
273 larg 1 Term Freq:[0.000, 0.000, 0.000, 0.000, 0.000, 0.000, 0.000, 0.004, 0.000, 0.000]
274 larger 1 Term Freq:[0.005, 0.000, 0.000, 0.000, 0.000, 0.000, 0.000, 0.000, 0.000, 0.000]
275 late 2 Term Freq:[0.005, 0.008, 0.000, 0.000, 0.000, 0.000, 0.000, 0.000, 0.000, 0.000]
276 launch 1 Term Freq:[0.000, 0.000, 0.000, 0.000, 0.000, 0.000, 0.000, 0.004, 0.000, 0.000]
277 layup 1 Term Freq:[0.005, 0.000, 0.000, 0.000, 0.000, 0.000, 0.000, 0.000, 0.000, 0.000]
278 lead 6 Term Freq:[0.014, 0.025, 0.000, 0.000, 0.000, 0.000, 0.000, 0.000, 0.000, 0.000]
279 leader 1 Term Freq:[0.000, 0.000, 0.016, 0.000, 0.000, 0.000, 0.000, 0.000, 0.000, 0.000]
280 leagu 1 Term Freq:[0.000, 0.008, 0.000, 0.000, 0.000, 0.000, 0.000, 0.000, 0.000, 0.000]
281 led 2 Term Freq:[0.005, 0.008, 0.000, 0.000, 0.000, 0.000, 0.000, 0.000, 0.000, 0.000]
282 left 2 Term Freq:[0.009, 0.000, 0.000, 0.000, 0.000, 0.000, 0.000, 0.000, 0.000, 0.000]
283 let 1 Term Freq:[0.000, 0.000, 0.000, 0.000, 0.000, 0.000, 0.000, 0.000, 0.000, 0.018]
284 lift 4 Term Freq:[0.000, 0.000, 0.000, 0.000, 0.025, 0.043, 0.000, 0.000, 0.000, 0.000]
285 like 1 Term Freq:[0.000, 0.000, 0.000, 0.000, 0.000, 0.000, 0.000, 0.004, 0.000, 0.000]
286 line 1 Term Freq:[0.000, 0.008, 0.000, 0.000, 0.000, 0.000, 0.000, 0.000, 0.000, 0.000]
287 lion 1 Term Freq:[0.000, 0.000, 0.016, 0.000, 0.000, 0.000, 0.000, 0.000, 0.000, 0.000]
288 list 1 Term Freq:[0.000, 0.000, 0.000, 0.000, 0.000, 0.000, 0.000, 0.004, 0.000, 0.000]
289 liter 1 Term Freq:[0.000, 0.000, 0.000, 0.000, 0.000, 0.000, 0.000, 0.004, 0.000, 0.000]
290 littl 1 Term Freq:[0.005, 0.000, 0.000, 0.000, 0.000, 0.000, 0.000, 0.000, 0.000, 0.000]
291 live 1 Term Freq:[0.000, 0.000, 0.000, 0.013, 0.000, 0.000, 0.000, 0.000, 0.000, 0.000]
292 locat 1 Term Freq:[0.000, 0.000, 0.000, 0.000, 0.000, 0.000, 0.000, 0.004, 0.000, 0.000]
293 look 1 Term Freq:[0.000, 0.000, 0.000, 0.000, 0.000, 0.000, 0.000, 0.004, 0.000, 0.000]
294 loos 1 Term Freq:[0.000, 0.008, 0.000, 0.000, 0.000, 0.000, 0.000, 0.000, 0.000, 0.000]
295 lose 1 Term Freq:[0.000, 0.000, 0.000, 0.000, 0.000, 0.014, 0.000, 0.000, 0.000, 0.000]
296 loser 1 Term Freq:[0.000, 0.008, 0.000, 0.000, 0.000, 0.000, 0.000, 0.000, 0.000, 0.000]
297 loss 1 Term Freq:[0.000, 0.000, 0.000, 0.000, 0.000, 0.000, 0.000, 0.000, 0.000, 0.018]
298 lost 2 Term Freq:[0.005, 0.008, 0.000, 0.000, 0.000, 0.000, 0.000, 0.000, 0.000, 0.000]
299 loui 1 Term Freq:[0.000, 0.000, 0.000, 0.000, 0.000, 0.000, 0.000, 0.004, 0.000, 0.000]
300 low 2 Term Freq:[0.005, 0.000, 0.000, 0.000, 0.000, 0.000, 0.000, 0.000, 0.021, 0.000]
301 lunar 1 Term Freq:[0.000, 0.000, 0.016, 0.000, 0.000, 0.000, 0.000, 0.000, 0.000, 0.000]
302 make 2 Term Freq:[0.000, 0.000, 0.000, 0.000, 0.000, 0.000, 0.000, 0.008, 0.000, 0.000]
303 maker 1 Term Freq:[0.000, 0.000, 0.000, 0.000, 0.000, 0.000, 0.000, 0.000, 0.000, 0.018]
304 man 1 Term Freq:[0.000, 0.000, 0.000, 0.000, 0.000, 0.014, 0.000, 0.000, 0.000, 0.000]
305 march 1 Term Freq:[0.000, 0.000, 0.000, 0.000, 0.000, 0.000, 0.000, 0.000, 0.000, 0.018]
306 marin 2 Term Freq:[0.000, 0.000, 0.016, 0.000, 0.000, 0.000, 0.000, 0.004, 0.000, 0.000]
307 mashburn 2 Term Freq:[0.009, 0.000, 0.000, 0.000, 0.000, 0.000, 0.000, 0.000, 0.000, 0.000]
308 mass 1 Term Freq:[0.000, 0.000, 0.000, 0.000, 0.000, 0.000, 0.000, 0.004, 0.000, 0.000]
309 matter 2 Term Freq:[0.000, 0.000, 0.000, 0.013, 0.000, 0.014, 0.000, 0.000, 0.000, 0.000]
310 mayb 1 Term Freq:[0.000, 0.000, 0.000, 0.000, 0.000, 0.000, 0.000, 0.004, 0.000, 0.000]
311 member 1 Term Freq:[0.000, 0.000, 0.000, 0.000, 0.000, 0.000, 0.000, 0.004, 0.000, 0.000]
312 metal 1 Term Freq:[0.000, 0.000, 0.000, 0.000, 0.000, 0.000, 0.000, 0.004, 0.000, 0.000]
313 metr 1 Term Freq:[0.000, 0.000, 0.000, 0.000, 0.000, 0.014, 0.000, 0.000, 0.000, 0.000]
314 microsoft 1 Term Freq:[0.000, 0.000, 0.000, 0.000, 0.000, 0.000, 0.000, 0.000, 0.000, 0.018]
315 mid 1 Term Freq:[0.000, 0.000, 0.000, 0.000, 0.000, 0.000, 0.000, 0.000, 0.000, 0.018]
316 middl 1 Term Freq:[0.000, 0.000, 0.000, 0.000, 0.000, 0.000, 0.000, 0.004, 0.000, 0.000]
317 militari 2 Term Freq:[0.000, 0.000, 0.000, 0.013, 0.000, 0.000, 0.000, 0.000, 0.021, 0.000]
318 milwauke 3 Term Freq:[0.014, 0.000, 0.000, 0.000, 0.000, 0.000, 0.000, 0.000, 0.000, 0.000]
319 minist 3 Term Freq:[0.000, 0.000, 0.016, 0.000, 0.025, 0.014, 0.000, 0.000, 0.000, 0.000]
320 minut 1 Term Freq:[0.005, 0.000, 0.000, 0.000, 0.000, 0.000, 0.000, 0.000, 0.000, 0.000]
321 miss 1 Term Freq:[0.005, 0.000, 0.000, 0.000, 0.000, 0.000, 0.000, 0.000, 0.000, 0.000]
322 mobil 1 Term Freq:[0.000, 0.000, 0.000, 0.000, 0.000, 0.000, 0.000, 0.000, 0.000, 0.018]
323 monk 1 Term Freq:[0.000, 0.000, 0.016, 0.000, 0.000, 0.000, 0.000, 0.000, 0.000, 0.000]
324 moral 1 Term Freq:[0.000, 0.000, 0.000, 0.013, 0.000, 0.000, 0.000, 0.000, 0.000, 0.000]
325 motiv 1 Term Freq:[0.000, 0.000, 0.000, 0.000, 0.000, 0.000, 0.000, 0.004, 0.000, 0.000]
326 mount 1 Term Freq:[0.005, 0.000, 0.000, 0.000, 0.000, 0.000, 0.000, 0.000, 0.000, 0.000]
327 move 1 Term Freq:[0.000, 0.000, 0.000, 0.000, 0.000, 0.000, 0.000, 0.004, 0.000, 0.000]
328 music 1 Term Freq:[0.005, 0.000, 0.000, 0.000, 0.000, 0.000, 0.000, 0.000, 0.000, 0.000]
329 nake 1 Term Freq:[0.000, 0.000, 0.016, 0.000, 0.000, 0.000, 0.000, 0.000, 0.000, 0.000]
330 nation 1 Term Freq:[0.000, 0.000, 0.000, 0.013, 0.000, 0.000, 0.000, 0.000, 0.000, 0.000]
331 natur 1 Term Freq:[0.000, 0.000, 0.000, 0.000, 0.000, 0.000, 0.000, 0.004, 0.000, 0.000]
332 ncaa 1 Term Freq:[0.000, 0.008, 0.000, 0.000, 0.000, 0.000, 0.000, 0.000, 0.000, 0.000]
333 new 3 Term Freq:[0.000, 0.000, 0.016, 0.000, 0.000, 0.014, 0.167, 0.000, 0.000, 0.000]
334 night 1 Term Freq:[0.005, 0.000, 0.000, 0.000, 0.000, 0.000, 0.000, 0.000, 0.000, 0.000]
335 nokia 1 Term Freq:[0.000, 0.000, 0.000, 0.000, 0.000, 0.000, 0.000, 0.000, 0.000, 0.018]
336 non 1 Term Freq:[0.000, 0.000, 0.000, 0.000, 0.000, 0.014, 0.000, 0.000, 0.000, 0.000]
337 note 1 Term Freq:[0.005, 0.000, 0.000, 0.000, 0.000, 0.000, 0.000, 0.000, 0.000, 0.000]
338 nuclear 2 Term Freq:[0.000, 0.000, 0.000, 0.013, 0.025, 0.000, 0.000, 0.000, 0.000, 0.000]
339 number 3 Term Freq:[0.000, 0.000, 0.000, 0.000, 0.000, 0.000, 0.000, 0.008, 0.000, 0.018]
340 occas 1 Term Freq:[0.000, 0.000, 0.000, 0.013, 0.000, 0.000, 0.000, 0.000, 0.000, 0.000]
341 occur 1 Term Freq:[0.000, 0.000, 0.000, 0.013, 0.000, 0.000, 0.000, 0.000, 0.000, 0.000]
342 offens 1 Term Freq:[0.005, 0.000, 0.000, 0.000, 0.000, 0.000, 0.000, 0.000, 0.000, 0.000]
343 offici 7 Term Freq:[0.000, 0.000, 0.000, 0.000, 0.000, 0.000, 0.000, 0.020, 0.043, 0.000]
344 onlin 1 Term Freq:[0.000, 0.000, 0.000, 0.000, 0.000, 0.000, 0.000, 0.000, 0.000, 0.018]
345 oper 2 Term Freq:[0.000, 0.000, 0.000, 0.000, 0.000, 0.000, 0.000, 0.008, 0.000, 0.000]
346 oppon 1 Term Freq:[0.000, 0.008, 0.000, 0.000, 0.000, 0.000, 0.000, 0.000, 0.000, 0.000]
347 order 1 Term Freq:[0.000, 0.000, 0.000, 0.013, 0.000, 0.000, 0.000, 0.000, 0.000, 0.000]
348 osama 1 Term Freq:[0.000, 0.000, 0.000, 0.000, 0.000, 0.000, 0.000, 0.004, 0.000, 0.000]
349 oti 1 Term Freq:[0.005, 0.000, 0.000, 0.000, 0.000, 0.000, 0.000, 0.000, 0.000, 0.000]
350 p 1 Term Freq:[0.005, 0.000, 0.000, 0.000, 0.000, 0.000, 0.000, 0.000, 0.000, 0.000]
351 pacif 1 Term Freq:[0.000, 0.000, 0.000, 0.013, 0.000, 0.000, 0.000, 0.000, 0.000, 0.000]
352 paddl 1 Term Freq:[0.000, 0.000, 0.000, 0.000, 0.000, 0.000, 0.000, 0.004, 0.000, 0.000]
353 pair 1 Term Freq:[0.000, 0.008, 0.000, 0.000, 0.000, 0.000, 0.000, 0.000, 0.000, 0.000]
354 peac 1 Term Freq:[0.000, 0.000, 0.016, 0.000, 0.000, 0.000, 0.000, 0.000, 0.000, 0.000]
355 peninsula 1 Term Freq:[0.000, 0.000, 0.000, 0.000, 0.000, 0.000, 0.000, 0.000, 0.021, 0.000]
356 pentagon 2 Term Freq:[0.000, 0.000, 0.000, 0.000, 0.000, 0.000, 0.000, 0.004, 0.021, 0.000]
357 peopl 2 Term Freq:[0.000, 0.000, 0.000, 0.000, 0.000, 0.000, 0.000, 0.004, 0.021, 0.000]
358 percent 4 Term Freq:[0.005, 0.025, 0.000, 0.000, 0.000, 0.000, 0.000, 0.000, 0.000, 0.000]
359 perform 1 Term Freq:[0.005, 0.000, 0.000, 0.000, 0.000, 0.000, 0.000, 0.000, 0.000, 0.000]
360 perpetr 1 Term Freq:[0.000, 0.000, 0.000, 0.000, 0.000, 0.000, 0.000, 0.004, 0.000, 0.000]
361 persian 1 Term Freq:[0.000, 0.000, 0.000, 0.000, 0.000, 0.000, 0.000, 0.000, 0.021, 0.000]
362 person 1 Term Freq:[0.000, 0.000, 0.000, 0.013, 0.000, 0.000, 0.000, 0.000, 0.000, 0.000]
363 phone 1 Term Freq:[0.000, 0.000, 0.000, 0.000, 0.000, 0.000, 0.000, 0.000, 0.000, 0.018]
364 place 3 Term Freq:[0.005, 0.000, 0.000, 0.000, 0.000, 0.014, 0.000, 0.004, 0.000, 0.000]
365 plai 2 Term Freq:[0.009, 0.000, 0.000, 0.000, 0.000, 0.000, 0.000, 0.000, 0.000, 0.000]
366 plane 1 Term Freq:[0.000, 0.000, 0.000, 0.000, 0.000, 0.000, 0.000, 0.004, 0.000, 0.000]
367 plung 2 Term Freq:[0.000, 0.000, 0.016, 0.000, 0.000, 0.000, 0.000, 0.000, 0.000, 0.018]
368 point 14 Term Freq:[0.027, 0.025, 0.000, 0.013, 0.000, 0.029, 0.000, 0.004, 0.000, 0.018]
369 pointer 1 Term Freq:[0.000, 0.008, 0.000, 0.000, 0.000, 0.000, 0.000, 0.000, 0.000, 0.000]
370 poor 2 Term Freq:[0.000, 0.000, 0.000, 0.000, 0.025, 0.014, 0.000, 0.000, 0.000, 0.000]
371 port 1 Term Freq:[0.000, 0.000, 0.000, 0.000, 0.000, 0.000, 0.000, 0.004, 0.000, 0.000]
372 post 1 Term Freq:[0.005, 0.000, 0.000, 0.000, 0.000, 0.000, 0.000, 0.000, 0.000, 0.000]
373 postpon 2 Term Freq:[0.000, 0.000, 0.000, 0.000, 0.025, 0.014, 0.000, 0.000, 0.000, 0.000]
374 potenti 1 Term Freq:[0.000, 0.000, 0.000, 0.000, 0.000, 0.000, 0.000, 0.000, 0.021, 0.000]
375 preced 1 Term Freq:[0.000, 0.000, 0.000, 0.013, 0.000, 0.000, 0.000, 0.000, 0.000, 0.000]
376 presenc 1 Term Freq:[0.005, 0.000, 0.000, 0.000, 0.000, 0.000, 0.000, 0.000, 0.000, 0.000]
377 presid 2 Term Freq:[0.000, 0.000, 0.000, 0.000, 0.000, 0.000, 0.000, 0.008, 0.000, 0.000]
378 price 1 Term Freq:[0.000, 0.000, 0.000, 0.000, 0.000, 0.000, 0.000, 0.000, 0.000, 0.018]
379 prime 3 Term Freq:[0.000, 0.000, 0.016, 0.000, 0.025, 0.014, 0.000, 0.000, 0.000, 0.000]
380 principl 1 Term Freq:[0.000, 0.000, 0.000, 0.013, 0.000, 0.000, 0.000, 0.000, 0.000, 0.000]
381 prioriti 1 Term Freq:[0.000, 0.000, 0.000, 0.013, 0.000, 0.000, 0.000, 0.000, 0.000, 0.000]
382 process 4 Term Freq:[0.000, 0.000, 0.000, 0.000, 0.050, 0.029, 0.000, 0.000, 0.000, 0.000]
383 profil 1 Term Freq:[0.000, 0.000, 0.000, 0.000, 0.000, 0.000, 0.000, 0.000, 0.021, 0.000]
384 progress 3 Term Freq:[0.000, 0.000, 0.000, 0.000, 0.000, 0.000, 0.000, 0.012, 0.000, 0.000]
385 protect 1 Term Freq:[0.000, 0.000, 0.000, 0.000, 0.000, 0.000, 0.000, 0.004, 0.000, 0.000]
386 provid 2 Term Freq:[0.000, 0.000, 0.000, 0.000, 0.000, 0.000, 0.000, 0.004, 0.000, 0.018]
387 public 1 Term Freq:[0.000, 0.000, 0.000, 0.013, 0.000, 0.000, 0.000, 0.000, 0.000, 0.000]
388 pull 1 Term Freq:[0.005, 0.000, 0.000, 0.000, 0.000, 0.000, 0.000, 0.000, 0.000, 0.000]
389 quarter 4 Term Freq:[0.018, 0.000, 0.000, 0.000, 0.000, 0.000, 0.000, 0.000, 0.000, 0.000]
390 quot 1 Term Freq:[0.000, 0.000, 0.000, 0.000, 0.000, 0.014, 0.000, 0.000, 0.000, 0.000]
391 rai 1 Term Freq:[0.005, 0.000, 0.000, 0.000, 0.000, 0.000, 0.000, 0.000, 0.000, 0.000]
392 rank 1 Term Freq:[0.000, 0.008, 0.000, 0.000, 0.000, 0.000, 0.000, 0.000, 0.000, 0.000]
393 rebound 1 Term Freq:[0.005, 0.000, 0.000, 0.000, 0.000, 0.000, 0.000, 0.000, 0.000, 0.000]
394 recal 1 Term Freq:[0.000, 0.000, 0.016, 0.000, 0.000, 0.000, 0.000, 0.000, 0.000, 0.000]
395 recoup 1 Term Freq:[0.000, 0.000, 0.000, 0.000, 0.000, 0.000, 0.000, 0.000, 0.000, 0.018]
396 recov 5 Term Freq:[0.000, 0.000, 0.000, 0.013, 0.000, 0.000, 0.000, 0.012, 0.000, 0.018]
397 redeem 1 Term Freq:[0.005, 0.000, 0.000, 0.000, 0.000, 0.000, 0.000, 0.000, 0.000, 0.000]
398 reduc 1 Term Freq:[0.000, 0.000, 0.000, 0.000, 0.000, 0.000, 0.000, 0.000, 0.021, 0.000]
399 refuel 2 Term Freq:[0.000, 0.000, 0.000, 0.000, 0.000, 0.000, 0.000, 0.008, 0.000, 0.000]
400 region 1 Term Freq:[0.000, 0.000, 0.000, 0.000, 0.000, 0.000, 0.000, 0.004, 0.000, 0.000]
401 relat 1 Term Freq:[0.000, 0.000, 0.000, 0.000, 0.000, 0.000, 0.000, 0.004, 0.000, 0.000]
402 reliev 1 Term Freq:[0.005, 0.000, 0.000, 0.000, 0.000, 0.000, 0.000, 0.000, 0.000, 0.000]
403 remain 3 Term Freq:[0.000, 0.000, 0.016, 0.013, 0.000, 0.000, 0.000, 0.004, 0.000, 0.000]
404 remnant 1 Term Freq:[0.000, 0.000, 0.000, 0.013, 0.000, 0.000, 0.000, 0.000, 0.000, 0.000]
405 replai 1 Term Freq:[0.000, 0.000, 0.000, 0.000, 0.000, 0.000, 0.000, 0.004, 0.000, 0.000]
406 report 1 Term Freq:[0.000, 0.000, 0.000, 0.000, 0.000, 0.000, 0.000, 0.000, 0.000, 0.018]
407 reserv 1 Term Freq:[0.005, 0.000, 0.000, 0.000, 0.000, 0.000, 0.000, 0.000, 0.000, 0.000]
408 resort 1 Term Freq:[0.000, 0.000, 0.016, 0.000, 0.000, 0.000, 0.000, 0.000, 0.000, 0.000]
409 respons 1 Term Freq:[0.000, 0.000, 0.000, 0.000, 0.000, 0.000, 0.000, 0.004, 0.000, 0.000]
410 rest 1 Term Freq:[0.000, 0.008, 0.000, 0.000, 0.000, 0.000, 0.000, 0.000, 0.000, 0.000]
411 retir 1 Term Freq:[0.000, 0.000, 0.000, 0.000, 0.000, 0.000, 0.000, 0.004, 0.000, 0.000]
412 return 2 Term Freq:[0.000, 0.000, 0.000, 0.000, 0.000, 0.000, 0.000, 0.008, 0.000, 0.000]
413 riski 1 Term Freq:[0.000, 0.000, 0.000, 0.013, 0.000, 0.000, 0.000, 0.000, 0.000, 0.000]
414 river 1 Term Freq:[0.000, 0.000, 0.016, 0.000, 0.000, 0.000, 0.000, 0.000, 0.000, 0.000]
415 road 1 Term Freq:[0.000, 0.008, 0.000, 0.000, 0.000, 0.000, 0.000, 0.000, 0.000, 0.000]
416 robert 1 Term Freq:[0.000, 0.000, 0.000, 0.000, 0.000, 0.000, 0.167, 0.000, 0.000, 0.000]
417 robinson 1 Term Freq:[0.005, 0.000, 0.000, 0.000, 0.000, 0.000, 0.000, 0.000, 0.000, 0.000]
418 rodger 2 Term Freq:[0.000, 0.000, 0.000, 0.000, 0.000, 0.000, 0.000, 0.008, 0.000, 0.000]
419 rout 1 Term Freq:[0.000, 0.000, 0.000, 0.000, 0.000, 0.000, 0.000, 0.000, 0.021, 0.000]
420 routin 1 Term Freq:[0.005, 0.000, 0.000, 0.000, 0.000, 0.000, 0.000, 0.000, 0.000, 0.000]
421 rubber 1 Term Freq:[0.000, 0.000, 0.000, 0.000, 0.000, 0.000, 0.000, 0.004, 0.000, 0.000]
422 rule 1 Term Freq:[0.000, 0.000, 0.000, 0.000, 0.000, 0.014, 0.000, 0.000, 0.000, 0.000]
423 run 5 Term Freq:[0.014, 0.016, 0.000, 0.000, 0.000, 0.000, 0.000, 0.000, 0.000, 0.000]
424 russia 4 Term Freq:[0.000, 0.000, 0.000, 0.053, 0.000, 0.000, 0.000, 0.000, 0.000, 0.000]
425 russian 7 Term Freq:[0.000, 0.000, 0.000, 0.039, 0.050, 0.029, 0.000, 0.000, 0.000, 0.000]
426 rutger 4 Term Freq:[0.000, 0.033, 0.000, 0.000, 0.000, 0.000, 0.000, 0.000, 0.000, 0.000]
427 ryan 1 Term Freq:[0.000, 0.008, 0.000, 0.000, 0.000, 0.000, 0.000, 0.000, 0.000, 0.000]
428 s 16 Term Freq:[0.005, 0.016, 0.016, 0.013, 0.000, 0.000, 0.000, 0.032, 0.021, 0.036]
429 sai 16 Term Freq:[0.000, 0.000, 0.000, 0.000, 0.000, 0.014, 0.000, 0.045, 0.064, 0.018]
430 said 4 Term Freq:[0.000, 0.000, 0.000, 0.039, 0.000, 0.000, 0.000, 0.004, 0.000, 0.000]
431 sailor 1 Term Freq:[0.000, 0.000, 0.000, 0.000, 0.025, 0.000, 0.000, 0.000, 0.000, 0.000]
432 saleh 1 Term Freq:[0.000, 0.000, 0.000, 0.000, 0.000, 0.000, 0.000, 0.004, 0.000, 0.000]
433 salvag 7 Term Freq:[0.000, 0.000, 0.000, 0.079, 0.000, 0.000, 0.000, 0.004, 0.000, 0.000]
434 sam 1 Term Freq:[0.005, 0.000, 0.000, 0.000, 0.000, 0.000, 0.000, 0.000, 0.000, 0.000]
435 sank 2 Term Freq:[0.000, 0.000, 0.000, 0.013, 0.025, 0.000, 0.000, 0.000, 0.000, 0.000]
436 sat 1 Term Freq:[0.005, 0.000, 0.000, 0.000, 0.000, 0.000, 0.000, 0.000, 0.000, 0.000]
437 saturdai 2 Term Freq:[0.000, 0.016, 0.000, 0.000, 0.000, 0.000, 0.000, 0.000, 0.000, 0.000]
438 save 1 Term Freq:[0.000, 0.000, 0.000, 0.013, 0.000, 0.000, 0.000, 0.000, 0.000, 0.000]
439 scarlet 1 Term Freq:[0.000, 0.008, 0.000, 0.000, 0.000, 0.000, 0.000, 0.000, 0.000, 0.000]
440 scene 2 Term Freq:[0.000, 0.000, 0.000, 0.000, 0.000, 0.000, 0.000, 0.008, 0.000, 0.000]
441 schedul 2 Term Freq:[0.000, 0.000, 0.000, 0.000, 0.025, 0.014, 0.000, 0.000, 0.000, 0.000]
442 score 9 Term Freq:[0.036, 0.008, 0.000, 0.000, 0.000, 0.000, 0.000, 0.000, 0.000, 0.000]
443 sea 2 Term Freq:[0.000, 0.000, 0.000, 0.000, 0.025, 0.014, 0.000, 0.000, 0.000, 0.000]
444 seal 1 Term Freq:[0.005, 0.000, 0.000, 0.000, 0.000, 0.000, 0.000, 0.000, 0.000, 0.000]
445 search 1 Term Freq:[0.000, 0.000, 0.000, 0.000, 0.000, 0.000, 0.000, 0.004, 0.000, 0.000]
446 season 2 Term Freq:[0.009, 0.000, 0.000, 0.000, 0.000, 0.000, 0.000, 0.000, 0.000, 0.000]
447 second 6 Term Freq:[0.000, 0.016, 0.000, 0.013, 0.000, 0.014, 0.167, 0.004, 0.000, 0.000]
448 secretari 1 Term Freq:[0.000, 0.000, 0.000, 0.013, 0.000, 0.000, 0.000, 0.000, 0.000, 0.000]
449 secur 2 Term Freq:[0.000, 0.000, 0.016, 0.013, 0.000, 0.000, 0.000, 0.000, 0.000, 0.000]
450 select 1 Term Freq:[0.005, 0.000, 0.000, 0.000, 0.000, 0.000, 0.000, 0.000, 0.000, 0.000]
451 senat 2 Term Freq:[0.000, 0.000, 0.000, 0.000, 0.000, 0.000, 0.000, 0.008, 0.000, 0.000]
452 send 1 Term Freq:[0.005, 0.000, 0.000, 0.000, 0.000, 0.000, 0.000, 0.000, 0.000, 0.000]
453 senior 1 Term Freq:[0.000, 0.000, 0.000, 0.000, 0.000, 0.000, 0.000, 0.004, 0.000, 0.000]
454 serv 1 Term Freq:[0.000, 0.000, 0.000, 0.000, 0.000, 0.000, 0.000, 0.004, 0.000, 0.000]
455 servic 2 Term Freq:[0.000, 0.000, 0.000, 0.000, 0.000, 0.000, 0.000, 0.004, 0.000, 0.018]
456 set 1 Term Freq:[0.000, 0.000, 0.000, 0.000, 0.000, 0.000, 0.000, 0.004, 0.000, 0.000]
457 seven 1 Term Freq:[0.005, 0.000, 0.000, 0.000, 0.000, 0.000, 0.000, 0.000, 0.000, 0.000]
458 ship 1 Term Freq:[0.000, 0.000, 0.000, 0.000, 0.000, 0.000, 0.000, 0.004, 0.000, 0.000]
459 shoot 2 Term Freq:[0.005, 0.008, 0.000, 0.000, 0.000, 0.000, 0.000, 0.000, 0.000, 0.000]
460 short 1 Term Freq:[0.000, 0.000, 0.000, 0.000, 0.000, 0.000, 0.000, 0.004, 0.000, 0.000]
461 shot 6 Term Freq:[0.018, 0.016, 0.000, 0.000, 0.000, 0.000, 0.000, 0.000, 0.000, 0.000]
462 show 1 Term Freq:[0.005, 0.000, 0.000, 0.000, 0.000, 0.000, 0.000, 0.000, 0.000, 0.000]
463 sidnei 1 Term Freq:[0.000, 0.008, 0.000, 0.000, 0.000, 0.000, 0.000, 0.000, 0.000, 0.000]
464 signific 1 Term Freq:[0.000, 0.000, 0.000, 0.000, 0.000, 0.000, 0.000, 0.004, 0.000, 0.000]
465 simpli 1 Term Freq:[0.000, 0.000, 0.000, 0.000, 0.000, 0.000, 0.000, 0.004, 0.000, 0.000]
466 singl 1 Term Freq:[0.000, 0.008, 0.000, 0.000, 0.000, 0.000, 0.000, 0.000, 0.000, 0.000]
467 singletari 1 Term Freq:[0.000, 0.008, 0.000, 0.000, 0.000, 0.000, 0.000, 0.000, 0.000, 0.000]
468 site 1 Term Freq:[0.000, 0.000, 0.000, 0.000, 0.000, 0.014, 0.000, 0.000, 0.000, 0.000]
469 slowli 1 Term Freq:[0.000, 0.008, 0.000, 0.000, 0.000, 0.000, 0.000, 0.000, 0.000, 0.000]
470 snake 1 Term Freq:[0.000, 0.000, 0.016, 0.000, 0.000, 0.000, 0.000, 0.000, 0.000, 0.000]
471 snap 1 Term Freq:[0.005, 0.000, 0.000, 0.000, 0.000, 0.000, 0.000, 0.000, 0.000, 0.000]
472 softwaremak 1 Term Freq:[0.000, 0.000, 0.000, 0.000, 0.000, 0.000, 0.000, 0.000, 0.000, 0.018]
473 somewhat 1 Term Freq:[0.000, 0.000, 0.000, 0.000, 0.000, 0.000, 0.000, 0.000, 0.000, 0.018]
474 sourc 1 Term Freq:[0.000, 0.000, 0.000, 0.000, 0.000, 0.000, 0.000, 0.000, 0.021, 0.000]
475 spill 1 Term Freq:[0.000, 0.000, 0.016, 0.000, 0.000, 0.000, 0.000, 0.000, 0.000, 0.000]
476 spot 1 Term Freq:[0.000, 0.000, 0.000, 0.000, 0.000, 0.000, 0.000, 0.004, 0.000, 0.000]
477 squar 1 Term Freq:[0.000, 0.000, 0.016, 0.000, 0.000, 0.000, 0.000, 0.000, 0.000, 0.000]
478 staff 1 Term Freq:[0.000, 0.000, 0.000, 0.000, 0.000, 0.014, 0.000, 0.000, 0.000, 0.000]
479 stand 1 Term Freq:[0.000, 0.000, 0.000, 0.000, 0.000, 0.000, 0.000, 0.004, 0.000, 0.000]
480 start 5 Term Freq:[0.009, 0.016, 0.016, 0.000, 0.000, 0.000, 0.000, 0.000, 0.000, 0.000]
481 state 2 Term Freq:[0.000, 0.000, 0.000, 0.013, 0.000, 0.000, 0.000, 0.000, 0.021, 0.000]
482 stock 1 Term Freq:[0.000, 0.000, 0.000, 0.000, 0.000, 0.000, 0.000, 0.000, 0.000, 0.018]
483 stori 1 Term Freq:[0.000, 0.000, 0.000, 0.000, 0.000, 0.000, 0.000, 0.004, 0.000, 0.000]
484 straight 1 Term Freq:[0.005, 0.000, 0.000, 0.000, 0.000, 0.000, 0.000, 0.000, 0.000, 0.000]
485 strateg 1 Term Freq:[0.000, 0.000, 0.000, 0.000, 0.000, 0.000, 0.000, 0.004, 0.000, 0.000]
486 streak 2 Term Freq:[0.009, 0.000, 0.000, 0.000, 0.000, 0.000, 0.000, 0.000, 0.000, 0.000]
487 street 2 Term Freq:[0.000, 0.000, 0.000, 0.000, 0.000, 0.000, 0.000, 0.000, 0.000, 0.036]
488 stress 1 Term Freq:[0.000, 0.000, 0.000, 0.000, 0.000, 0.014, 0.000, 0.000, 0.000, 0.000]
489 stretch 2 Term Freq:[0.005, 0.008, 0.000, 0.000, 0.000, 0.000, 0.000, 0.000, 0.000, 0.000]
490 stricken 1 Term Freq:[0.000, 0.000, 0.016, 0.000, 0.000, 0.000, 0.000, 0.000, 0.000, 0.000]
491 struggl 2 Term Freq:[0.005, 0.008, 0.000, 0.000, 0.000, 0.000, 0.000, 0.000, 0.000, 0.000]
492 submarin 7 Term Freq:[0.000, 0.000, 0.000, 0.053, 0.050, 0.014, 0.000, 0.000, 0.000, 0.000]
493 submerg 1 Term Freq:[0.000, 0.000, 0.000, 0.000, 0.000, 0.014, 0.000, 0.000, 0.000, 0.000]
494 success 2 Term Freq:[0.000, 0.000, 0.000, 0.026, 0.000, 0.000, 0.000, 0.000, 0.000, 0.000]
495 support 1 Term Freq:[0.000, 0.000, 0.000, 0.000, 0.000, 0.000, 0.000, 0.004, 0.000, 0.000]
496 t 1 Term Freq:[0.000, 0.000, 0.016, 0.000, 0.000, 0.000, 0.000, 0.000, 0.000, 0.000]
497 taba 1 Term Freq:[0.000, 0.000, 0.016, 0.000, 0.000, 0.000, 0.000, 0.000, 0.000, 0.000]
498 tangl 1 Term Freq:[0.000, 0.000, 0.000, 0.000, 0.000, 0.000, 0.000, 0.004, 0.000, 0.000]
499 tanker 1 Term Freq:[0.000, 0.000, 0.016, 0.000, 0.000, 0.000, 0.000, 0.000, 0.000, 0.000]
500 team 2 Term Freq:[0.000, 0.008, 0.000, 0.000, 0.000, 0.000, 0.000, 0.004, 0.000, 0.000]
501 technic 1 Term Freq:[0.000, 0.000, 0.000, 0.013, 0.000, 0.000, 0.000, 0.000, 0.000, 0.000]
502 televis 1 Term Freq:[0.000, 0.000, 0.000, 0.013, 0.000, 0.000, 0.000, 0.000, 0.000, 0.000]
503 templ 1 Term Freq:[0.000, 0.008, 0.000, 0.000, 0.000, 0.000, 0.000, 0.000, 0.000, 0.000]
504 terror 1 Term Freq:[0.000, 0.000, 0.000, 0.000, 0.000, 0.000, 0.000, 0.004, 0.000, 0.000]
505 terrorist 2 Term Freq:[0.000, 0.000, 0.000, 0.000, 0.000, 0.000, 0.000, 0.000, 0.043, 0.000]
506 testifi 1 Term Freq:[0.000, 0.000, 0.000, 0.000, 0.000, 0.000, 0.000, 0.004, 0.000, 0.000]
507 thank 1 Term Freq:[0.000, 0.000, 0.000, 0.000, 0.000, 0.000, 0.000, 0.004, 0.000, 0.000]
508 theori 1 Term Freq:[0.000, 0.000, 0.000, 0.000, 0.000, 0.000, 0.000, 0.004, 0.000, 0.000]
509 think 1 Term Freq:[0.000, 0.000, 0.000, 0.000, 0.000, 0.000, 0.000, 0.004, 0.000, 0.000]
510 thorp 2 Term Freq:[0.009, 0.000, 0.000, 0.000, 0.000, 0.000, 0.000, 0.000, 0.000, 0.000]
511 throw 3 Term Freq:[0.009, 0.008, 0.000, 0.000, 0.000, 0.000, 0.000, 0.000, 0.000, 0.000]
512 tiananmen 1 Term Freq:[0.000, 0.000, 0.016, 0.000, 0.000, 0.000, 0.000, 0.000, 0.000, 0.000]
513 tight 1 Term Freq:[0.000, 0.000, 0.016, 0.000, 0.000, 0.000, 0.000, 0.000, 0.000, 0.000]
514 time 4 Term Freq:[0.000, 0.008, 0.000, 0.000, 0.000, 0.000, 0.000, 0.004, 0.021, 0.018]
515 tire 1 Term Freq:[0.005, 0.000, 0.000, 0.000, 0.000, 0.000, 0.000, 0.000, 0.000, 0.000]
516 todai 8 Term Freq:[0.000, 0.000, 0.000, 0.000, 0.050, 0.029, 0.000, 0.008, 0.000, 0.036]
517 todd 1 Term Freq:[0.000, 0.008, 0.000, 0.000, 0.000, 0.000, 0.000, 0.000, 0.000, 0.000]
518 told 1 Term Freq:[0.000, 0.000, 0.000, 0.000, 0.000, 0.000, 0.000, 0.004, 0.000, 0.000]
519 tomorrow 1 Term Freq:[0.000, 0.000, 0.000, 0.000, 0.000, 0.000, 0.000, 0.004, 0.000, 0.000]
520 took 2 Term Freq:[0.009, 0.000, 0.000, 0.000, 0.000, 0.000, 0.000, 0.000, 0.000, 0.000]
521 tournament 1 Term Freq:[0.000, 0.008, 0.000, 0.000, 0.000, 0.000, 0.000, 0.000, 0.000, 0.000]
522 travel 2 Term Freq:[0.000, 0.000, 0.000, 0.000, 0.000, 0.000, 0.000, 0.000, 0.043, 0.000]
523 tripl 1 Term Freq:[0.005, 0.000, 0.000, 0.000, 0.000, 0.000, 0.000, 0.000, 0.000, 0.000]
524 troi 1 Term Freq:[0.000, 0.008, 0.000, 0.000, 0.000, 0.000, 0.000, 0.000, 0.000, 0.000]
525 tuesdai 1 Term Freq:[0.000, 0.008, 0.000, 0.000, 0.000, 0.000, 0.000, 0.000, 0.000, 0.000]
526 turkei 2 Term Freq:[0.000, 0.000, 0.000, 0.000, 0.000, 0.000, 0.000, 0.000, 0.043, 0.000]
527 u 5 Term Freq:[0.000, 0.000, 0.000, 0.013, 0.000, 0.000, 0.000, 0.016, 0.000, 0.000]
528 understand 1 Term Freq:[0.000, 0.000, 0.000, 0.013, 0.000, 0.000, 0.000, 0.000, 0.000, 0.000]
529 unit 1 Term Freq:[0.000, 0.000, 0.000, 0.013, 0.000, 0.000, 0.000, 0.000, 0.000, 0.000]
530 updat 1 Term Freq:[0.000, 0.000, 0.000, 0.000, 0.000, 0.000, 0.000, 0.004, 0.000, 0.000]
531 urg 1 Term Freq:[0.000, 0.000, 0.000, 0.000, 0.000, 0.000, 0.000, 0.000, 0.021, 0.000]
532 us 2 Term Freq:[0.005, 0.000, 0.000, 0.000, 0.000, 0.000, 0.000, 0.004, 0.000, 0.000]
533 uss 2 Term Freq:[0.000, 0.000, 0.000, 0.000, 0.000, 0.000, 0.000, 0.008, 0.000, 0.000]
534 usual 1 Term Freq:[0.000, 0.000, 0.000, 0.000, 0.000, 0.000, 0.000, 0.000, 0.021, 0.000]
535 valeri 1 Term Freq:[0.000, 0.000, 0.000, 0.000, 0.000, 0.014, 0.000, 0.000, 0.000, 0.000]
536 vari 1 Term Freq:[0.000, 0.000, 0.000, 0.000, 0.000, 0.000, 0.000, 0.000, 0.021, 0.000]
537 victim 1 Term Freq:[0.000, 0.000, 0.000, 0.000, 0.000, 0.000, 0.000, 0.004, 0.000, 0.000]
538 victori 1 Term Freq:[0.005, 0.000, 0.000, 0.000, 0.000, 0.000, 0.000, 0.000, 0.000, 0.000]
539 vulner 1 Term Freq:[0.000, 0.000, 0.000, 0.000, 0.000, 0.000, 0.000, 0.000, 0.021, 0.000]
540 wai 1 Term Freq:[0.000, 0.008, 0.000, 0.000, 0.000, 0.000, 0.000, 0.000, 0.000, 0.000]
541 wall 2 Term Freq:[0.000, 0.000, 0.000, 0.000, 0.000, 0.000, 0.000, 0.000, 0.000, 0.036]
542 walter 2 Term Freq:[0.000, 0.000, 0.000, 0.000, 0.000, 0.000, 0.000, 0.008, 0.000, 0.000]
543 want 1 Term Freq:[0.000, 0.000, 0.000, 0.013, 0.000, 0.000, 0.000, 0.000, 0.000, 0.000]
544 warn 1 Term Freq:[0.000, 0.000, 0.000, 0.000, 0.000, 0.000, 0.000, 0.000, 0.021, 0.000]
545 warship 1 Term Freq:[0.000, 0.000, 0.000, 0.000, 0.000, 0.000, 0.000, 0.004, 0.000, 0.000]
546 watch 1 Term Freq:[0.000, 0.000, 0.000, 0.000, 0.000, 0.000, 0.167, 0.000, 0.000, 0.000]
547 weather 2 Term Freq:[0.000, 0.000, 0.000, 0.000, 0.025, 0.014, 0.000, 0.000, 0.000, 0.000]
548 wednesdai 2 Term Freq:[0.000, 0.000, 0.000, 0.000, 0.025, 0.014, 0.000, 0.000, 0.000, 0.000]
549 week 2 Term Freq:[0.000, 0.000, 0.000, 0.000, 0.025, 0.014, 0.000, 0.000, 0.000, 0.000]
550 weekend 1 Term Freq:[0.000, 0.000, 0.000, 0.000, 0.000, 0.000, 0.000, 0.004, 0.000, 0.000]
551 welcom 1 Term Freq:[0.000, 0.000, 0.016, 0.000, 0.000, 0.000, 0.000, 0.000, 0.000, 0.000]
552 went 1 Term Freq:[0.000, 0.008, 0.000, 0.000, 0.000, 0.000, 0.000, 0.000, 0.000, 0.000]
553 weslei 3 Term Freq:[0.014, 0.000, 0.000, 0.000, 0.000, 0.000, 0.000, 0.000, 0.000, 0.000]
554 west 1 Term Freq:[0.000, 0.000, 0.016, 0.000, 0.000, 0.000, 0.000, 0.000, 0.000, 0.000]
555 win 2 Term Freq:[0.005, 0.008, 0.000, 0.000, 0.000, 0.000, 0.000, 0.000, 0.000, 0.000]
556 winner 1 Term Freq:[0.005, 0.000, 0.000, 0.000, 0.000, 0.000, 0.000, 0.000, 0.000, 0.000]
557 wire 1 Term Freq:[0.000, 0.000, 0.000, 0.000, 0.000, 0.000, 0.000, 0.004, 0.000, 0.000]
558 withdraw 1 Term Freq:[0.000, 0.000, 0.000, 0.013, 0.000, 0.000, 0.000, 0.000, 0.000, 0.000]
559 work 1 Term Freq:[0.005, 0.000, 0.000, 0.000, 0.000, 0.000, 0.000, 0.000, 0.000, 0.000]
560 world 1 Term Freq:[0.000, 0.000, 0.016, 0.000, 0.000, 0.000, 0.000, 0.000, 0.000, 0.000]
561 worst 1 Term Freq:[0.000, 0.008, 0.000, 0.000, 0.000, 0.000, 0.000, 0.000, 0.000, 0.000]
562 xavier 1 Term Freq:[0.000, 0.008, 0.000, 0.000, 0.000, 0.000, 0.000, 0.000, 0.000, 0.000]
563 year 3 Term Freq:[0.000, 0.008, 0.031, 0.000, 0.000, 0.000, 0.000, 0.000, 0.000, 0.000]
564 yemen 8 Term Freq:[0.000, 0.000, 0.000, 0.000, 0.000, 0.000, 0.000, 0.032, 0.000, 0.000]
565 yemeni 1 Term Freq:[0.000, 0.000, 0.000, 0.000, 0.000, 0.000, 0.000, 0.004, 0.000, 0.000]
566 yesterdai 2 Term Freq:[0.000, 0.000, 0.000, 0.000, 0.000, 0.000, 0.000, 0.000, 0.000, 0.036]
567 zinni 1 Term Freq:[0.000, 0.000, 0.000, 0.000, 0.000, 0.000, 0.000, 0.004, 0.000, 0.000]
